"runtime","fps","found","explored","disk_usage","hash_load_factor","collisions"
60,3065565,2149256,182232246,9.07,1.9740,58057280
120,2956479,3077347,365364217,9.07,2.7709,117609112
180,3081737,3877365,550243622,9.07,3.4379,177981599
240,3067008,4524297,732119314,9.07,3.9780,237541844
300,3062899,5137579,915891576,9.07,4.4885,297700122
360,3083950,5735483,1098739237,9.07,4.9763,357673584
420,3069772,6272336,1280366306,9.07,5.4077,417230025
480,2988994,6665994,1461579205,9.07,5.7267,476675890
540,3134896,7055114,1643179588,9.07,6.0339,536312074
600,3085822,7432227,1826902072,9.07,6.3407,596714981
660,2950711,7697785,2009422738,9.07,6.5585,656900975
720,3003748,8059371,2191628670,9.07,6.8318,716817417
780,3049096,8405343,2374299340,9.07,7.0801,776780180
840,2996930,8747535,2554808172,9.07,7.3506,836067170
900,3093750,9031544,2737007405,9.07,7.5836,895973720
960,2938139,9347721,2918249416,9.07,7.8263,955608023
1020,3105999,9575025,3100037730,9.07,7.9982,1015541701
1080,3090361,9875297,3282912354,9.07,8.2114,1075762608
1140,3078119,10165111,3465992219,9.07,8.4297,1136062022
1200,3040556,10388600,3647846535,9.07,8.6049,1195939036
1260,3058122,10613693,3831743403,9.07,8.7753,1256483568
1320,3064721,10818504,4015020147,9.07,8.9368,1316920625
1380,3136444,11026380,4198032824,9.07,9.0925,1377256257
1440,3093084,11264990,4380177535,9.07,9.2689,1437249984
1500,2935922,11564090,4560900371,9.07,9.5034,1496693697
1560,3096262,11845040,4742307253,9.07,9.7104,1556471477
1620,2994654,12070236,4923881746,9.07,9.8804,1616419886
1680,3136856,12260857,5105518310,9.07,10.0145,1676329806
1740,3120720,12470743,5286857428,9.07,10.1641,1736098359
1800,3038627,12655829,5470448094,9.07,10.3018,1796484197
1860,3089930,12814895,5653082329,9.07,10.4194,1856683134
1920,2900635,12948955,5835169520,9.07,10.5174,1916678882
1980,3133999,13126017,6016739856,9.07,10.6513,1976528154
2040,3171968,13316067,6201452605,9.07,10.7941,2037512236
2100,3125743,13495584,6384435726,9.07,10.9354,2097879655
2160,3032565,13725271,6565503053,9.07,11.0808,2157610865
2220,3042686,13959841,6748882795,9.07,11.2286,2218048103
2280,2984293,14218312,6930202048,9.07,11.4073,2277733185
2340,2965660,14394051,7112789785,9.07,11.5364,2337993333
2400,3018468,14575922,7294983321,9.07,11.6619,2398073183
2460,3056428,14743625,7477003074,9.07,11.7744,2458104798
2520,2981918,14917660,7659463725,9.07,11.8927,2518264415
2580,2975156,15095819,7840694555,9.07,12.0253,2577858354
2640,2941155,15231710,8023733587,9.07,12.1243,2638117877
2700,3074419,15385830,8209300214,9.07,12.2351,2699283021
2760,3047196,15510835,8393916290,9.07,12.3225,2760149920
2820,3021072,15681896,8577697414,9.07,12.4423,2820663205
2880,3068598,15846449,8761166591,9.07,12.5624,2881115795
2940,2978783,16008855,8944720797,9.07,12.6781,2941689460
3000,3185255,16139422,9127181345,9.07,12.7740,3001888995
3060,3106930,16280854,9309956365,9.07,12.8773,3062215045
3120,2958054,16414617,9491027017,9.07,12.9723,3121836235
3180,3048965,16560468,9674442712,9.07,13.0719,3182377407
3240,3119716,16674283,9857182415,9.07,13.1511,3242752923
3300,3084019,16806279,10038767572,9.07,13.2524,3302511982
3360,2988238,16943552,10221628542,9.07,13.3581,3362943478
3420,2932588,17089443,10400968797,9.07,13.4614,3422207379
3480,3011009,17213201,10583909886,9.07,13.5457,3482448045
3540,2993378,17409744,10766855963,9.07,13.6937,3542769458
3600,3149699,17602637,10950727126,9.07,13.8393,3603213292
3660,3155680,17737789,11097832272,9.07,13.9366,3651679969
3720,3081858,17873556,11280807626,9.64,14.0431,3711876170
3780,3018934,18051396,11463793788,9.64,14.1826,3772259080
3840,3059721,18245536,11646109962,9.64,14.3406,3832334529
3900,2926463,18405137,11829053319,9.64,14.4665,3892517149
3960,3080433,18574993,12011583376,9.64,14.5988,3952651295
4020,3027726,18707933,12194686885,9.64,14.6966,4012950175
4080,2917532,18872912,12376551248,9.64,14.7989,4072844036
4140,3189117,19029369,12559427071,9.64,14.9091,4133087893
4200,3113574,19178447,12741952476,9.64,15.0222,4193243030
4260,2993631,19336640,12923705718,9.64,15.1418,4253246621
4320,3081735,19477343,13104788876,9.64,15.2477,4313047247
4380,3237692,19685997,13287802171,9.64,15.4051,4373302039
4440,3140647,19832456,13470108614,9.64,15.5183,4433438292
4500,3067475,19946182,13653868876,9.64,15.6033,4494091009
4560,2988202,20068607,13837341282,9.64,15.6871,4554715633
4620,3087251,20207097,14019136869,9.64,15.7860,4614614443
4680,3049184,20337958,14199922880,9.64,15.8801,4674140645
4740,3020105,20472293,14382827384,9.64,15.9788,4734381872
4800,3084208,20631859,14566888327,9.64,16.1007,4795054048
4860,3005788,20857236,14749573625,9.64,16.2004,4855193431
4920,3127069,20973897,14933225113,9.64,16.2736,4915685144
4980,3066136,21121132,15116395032,9.64,16.3774,4976120643
5040,3153220,21228542,15300161712,9.64,16.4553,5036773300
5100,3043681,21337135,15481793509,9.64,16.5289,5096598090
5160,2959492,21443836,15665368645,9.64,16.6022,5157048491
5220,2926186,21581580,15847133550,9.64,16.6878,5216904518
5280,3202542,21712778,16027449602,9.64,16.7762,5276358178
5340,2977498,21823898,16209740027,9.64,16.8549,5336487334
5400,2958818,21950078,16395646147,9.64,16.9376,5397805180
5460,2996322,22079133,16577987375,9.64,17.0289,5458009277
5520,3047502,22182417,16761295046,9.64,17.1029,5518603457
5580,2872866,22292458,16943298812,9.64,17.1790,5578788814
5640,2991643,22376459,17126059139,9.64,17.2399,5639268233
5700,2995455,22458750,17309184628,9.64,17.2997,5699700013
5760,3035394,22574475,17491586869,9.64,17.3929,5759946070
5820,3114862,22676752,17676929711,9.64,17.4656,5821049121
5880,3036242,22781958,17859991701,9.64,17.5405,5881399742
5940,3006099,22902659,18044345687,9.64,17.6370,5942197272
6000,3016762,23044318,18227257471,9.64,17.7244,6002516455
6060,3050230,23249824,18407857063,9.64,17.8224,6061972125
6120,3073797,23381513,18587744422,9.64,17.9043,6121436890
6180,3152450,23501101,18771467444,9.64,17.9779,6182087380
6240,3102226,23607005,18953005559,9.64,18.0471,6242176396
6300,3107388,23715698,19137052515,9.64,18.1162,6303039800
6360,3014152,23824505,19320683320,9.64,18.1949,6363642896
6420,3110742,23945162,19502529100,9.64,18.2791,6423745941
6480,2899038,24028790,19683945921,9.64,18.3398,6483650987
6540,3079237,24128074,19868649605,9.64,18.4104,6544688479
6600,3051219,24244496,20050466502,9.64,18.5008,6604960497
6660,3011271,24357577,20231516799,9.64,18.5799,6664819472
6720,3022321,24473889,20413567864,9.64,18.6655,6725065677
6780,3000847,24601302,20595143142,9.64,18.7602,6785050303
6840,3086155,24717061,20777084843,9.64,18.8359,6845127349
6900,3077181,24823128,20960495908,9.64,18.9033,6905864179
6960,3230760,24956805,21144984555,9.64,18.9912,6966888996
7020,3088970,25085879,21330294473,9.64,19.0783,7028138656
7080,3056029,25212760,21515699037,9.64,19.1643,7089316862
7140,3017576,25337035,21699423310,9.64,19.2458,7150010348
7200,3013997,25477412,21883185055,9.64,19.3294,7210761059
7260,3062892,25555128,22019760300,9.64,19.3827,7255918351
7320,3133932,25675531,22204128604,9.64,19.4672,7316899391
7380,3082226,25774113,22387227757,9.64,19.5300,7377365143
7440,3058983,25883067,22570866020,9.64,19.5910,7438097447
7500,3030948,25988135,22754478960,9.64,19.6456,7498871410
7560,3151586,26072379,22936881993,9.64,19.6900,7559170050
7620,3069000,26169495,23119823222,9.64,19.7536,7619684848
7680,3086793,26302913,23302366406,9.64,19.8187,7680080082
7740,2984783,26386660,23482409041,9.64,19.8737,7739687523
7800,3120934,26483694,23665705709,9.64,19.9350,7800361619
7860,3032243,26593347,23845179372,9.64,19.9896,7859757874
7920,3114240,26712612,24025678921,9.64,20.0601,7919461698
7980,3117023,26847628,24208594302,9.64,20.1599,7979910949
8040,3054873,26971053,24390014601,9.64,20.2386,8039773710
8100,3199376,27116577,24572418127,9.64,20.3079,8100017199
8160,3185429,27263397,24756038008,9.64,20.3951,8160564300
8220,2988346,27378410,24937912859,9.64,20.4611,8220692366
8280,3182308,27480378,25121108397,9.64,20.5156,8281294038
8340,3045869,27600891,25304059189,9.64,20.5829,8341764575
8400,3017641,27704384,25487354808,9.64,20.6505,8402431967
8460,3074662,27812924,25669805239,9.64,20.7185,8462784600
8520,2887840,27896565,25849846853,9.64,20.7698,8522352217
8580,2974619,27971149,26032170765,9.64,20.8180,8582751917
8640,3005306,28044745,26215344302,9.64,20.8655,8643316307
8700,3086795,28136583,26398029491,9.64,20.9270,8703805699
8760,2996473,28234719,26580801240,9.64,20.9794,8764303794
8820,3045212,28331155,26763233335,9.64,21.0442,8824693131
8880,3148175,28419593,26945880499,9.64,21.0985,8885107026
8940,2949716,28512176,27128107158,9.64,21.1577,8945416687
9000,3060524,28592547,27309926618,9.64,21.2087,9005653805
9060,3017691,28686168,27492950450,9.64,21.2729,9066283248
9120,3081613,28772400,27677224380,9.64,21.3323,9127157448
9180,2928847,28855444,27859515413,9.64,21.3910,9187506098
9240,2851533,28972048,28041250494,9.64,21.4744,9247648823
9300,3127669,29102314,28223402431,9.64,21.5440,9307968569
9360,3131545,29227235,28408034630,9.64,21.6215,9369157088
9420,3113558,29425658,28591999656,9.64,21.6774,9430104557
9480,3085849,29575055,28775924406,9.64,21.7436,9491041386
9540,2960121,29678028,28958723563,9.64,21.7928,9551743026
9600,3065623,29780489,29141152847,9.64,21.8604,9612117290
9660,3064167,29893317,29323360481,9.64,21.9336,9672338668
9720,2971288,30032079,29507032549,9.64,22.0281,9733184907
9780,2999388,30172932,29690678914,9.64,22.1117,9794028303
9840,3189504,30297434,29873242755,9.64,22.1903,9854630015
9900,3026865,30391999,30057197935,9.64,22.2506,9915499008
9960,3001646,30489894,30238835607,9.64,22.3127,9975679796
10020,3069410,30608144,30422214898,9.64,22.3888,10036536224
10080,3077244,30698548,30604419207,9.64,22.4482,10096964184
10140,3159536,30766102,30788620346,9.64,22.4962,10158071164
10200,3024972,30851170,30972068862,9.64,22.5512,10218999392
10260,3109683,30917549,31156564786,9.64,22.5919,10280037123
10320,3066497,30985404,31340641010,9.64,22.6355,10341015275
10380,3085350,31062273,31524503567,9.64,22.6807,10401996421
10440,3147789,31153288,31705294885,9.64,22.7412,10461977443
10500,3008313,31252750,31889694620,9.64,22.8017,10523190985
10560,2964312,31355534,32071476514,9.64,22.8682,10583531329
10620,3009053,31412912,32252940473,9.64,22.9023,10643668517
10680,3098558,31498031,32435249311,9.64,22.9574,10704068172
10740,2954176,31591549,32617914587,9.64,23.0134,10764611963
10800,3086421,31667362,32801956866,9.64,23.0578,10825588168
10860,2986782,31723296,32952119106,9.64,23.0924,10875401220
10920,3012426,31803125,33136575814,9.64,23.1455,10936464781
10980,3099614,31891409,33320172306,9.64,23.2036,10997089657
11040,3272877,31961886,33503636745,9.64,23.2397,11057801025
11100,3064992,32038048,33687599812,9.64,23.2795,11118830591
11160,3021305,32150119,33870614115,9.64,23.3312,11179335454
11220,2962419,32247872,34052229904,9.64,23.3850,11239476218
11280,3111072,32307679,34235704105,9.64,23.4209,11300312081
11340,3049477,32361297,34420467404,9.64,23.4501,11361608943
11400,3030791,32417245,34603992136,9.64,23.4845,11422547116
11460,3167104,32479572,34786792225,9.64,23.5245,11483174058
11520,3244590,32544623,34970846354,9.64,23.5607,11544110357
11580,3123492,32631579,35154708765,9.64,23.6087,11605046209
11640,3036668,32735891,35337499440,9.64,23.6591,11665653055
11700,3072595,32823330,35519874875,9.64,23.7035,11726130649
11760,3138406,32893718,35703125142,9.64,23.7418,11786870345
11820,3095396,33001304,35885964005,9.64,23.8107,11847483278
11880,3118275,33092399,36069778753,9.64,23.8676,11908337161
11940,3160713,33184842,36252419370,9.64,23.9195,11968796214
12000,3149334,33281879,36435652794,9.64,23.9713,12029378681
12060,3022340,33357358,36617401455,9.64,24.0107,12089740393
12120,2985817,33412381,36799699506,9.64,24.0459,12150145672
12180,2953429,33474436,36982782363,9.64,24.0861,12210844784
12240,3058064,33546501,37164375247,9.64,24.1318,12271003189
12300,2962128,33627416,37348149867,9.64,24.1852,12331842308
12360,3041131,33708542,37530612009,9.64,24.2374,12392309930
12420,3068743,33778507,37715229443,9.64,24.2833,12453436224
12480,3139187,33828345,37898528233,9.64,24.3145,12514284097
12540,2968274,33874184,38079791987,9.64,24.3432,12574471822
12600,3013834,33938362,38262012942,9.64,24.3876,12634780011
12660,3088316,34011405,38446154812,9.64,24.4365,12695767907
12720,3012065,34073201,38628224743,9.64,24.4766,12756226002
12780,3022167,34138661,38809636940,9.64,24.5193,12816429272
12840,3069866,34197005,38991611650,9.64,24.5577,12876809248
12900,3000921,34257864,39175406546,9.64,24.5918,12937632635
12960,3003306,34339048,39358729843,9.64,24.6317,12998313355
13020,2867746,34397400,39543354764,9.64,24.6651,13059584390
13080,3027803,34480689,39722484731,9.64,24.7104,13119045365
13140,2987661,34569137,39905192694,9.64,24.7612,13179583555
13200,2927844,34635337,40087293472,9.64,24.7972,13239984647
13260,3091541,34691148,40273374578,9.64,24.8297,13301697792
13320,3029899,34748791,40456234140,9.64,24.8632,13362361317
13380,3066322,34798602,40638930364,9.64,24.8943,13423043355
13440,2997493,34907707,40821933174,9.64,24.9544,13483650907
13500,3115785,34991426,41004654466,9.64,24.9992,13544131595
13560,3137979,35066680,41189304638,9.64,25.0410,13605233555
13620,2937454,35146676,41372195441,9.64,25.0882,13665816475
13680,3034174,35234057,41555764474,9.64,25.1353,13726578633
13740,3078692,35311658,41737993554,9.64,25.1682,13786733773
13800,3155358,35363341,41920434167,9.64,25.1987,13847114393
13860,3137040,35428377,42104434792,9.64,25.2395,13908007458
13920,3024381,35516192,42287620686,9.64,25.2901,13968705483
13980,3014717,35595878,42471579864,9.64,25.3409,14029601439
14040,3084617,35669548,42654863221,9.64,25.3873,14090228950
14100,3040092,35740034,42838496174,9.64,25.4305,14150931513
14160,3112413,35827969,43021805200,9.64,25.4745,14211516805
14220,3190958,35895397,43206214125,9.64,25.5134,14272537018
14280,3187554,35937098,43389647285,9.64,25.5367,14333139841
14340,2994631,35999818,43574218613,9.64,25.5731,14394102209
14400,3042165,36064217,43757800526,9.64,25.6147,14454844071
14460,3117666,36118433,43914582898,9.64,25.6509,14506557124
14520,3029693,36188560,44097398579,9.64,25.6974,14566995699
14580,3128426,36260228,44278426413,9.64,25.7464,14626874669
14640,3125376,36324401,44462742314,9.64,25.7887,14688055451
14700,3231561,36369441,44646709419,9.64,25.8182,14749048541
14760,3157620,36449154,44828628830,9.64,25.8683,14809266798
14820,3069324,36511975,45010887281,9.64,25.9068,14869536508
14880,3059631,36582637,45197020694,9.64,25.9474,14931127538
14940,3078887,36663108,45382800004,9.64,26.0002,14992695620
15000,3196740,36826292,45565495801,9.64,26.0521,15053061023
15060,3121599,36972135,45748247430,9.64,26.1048,15113481008
15120,2961913,37064702,45930844216,9.64,26.1443,15173886695
15180,3078213,37119506,46114403059,9.64,26.1783,15234587401
15240,3061662,37205865,46296390289,9.64,26.2297,15294743219
15300,2856783,37267986,46479993140,9.64,26.2709,15355572098
15360,3064243,37330879,46665151221,9.64,26.3096,15416946882
15420,3098652,37400651,46847522029,9.64,26.3459,15477547978
15480,3069006,37485211,47030670935,9.64,26.3959,15538295212
15540,2947979,37557221,47214067230,9.64,26.4389,15599083535
15600,2987505,37624545,47396694157,9.64,26.4788,15659467523
15660,3099776,37680340,47581258580,9.64,26.5157,15720524865
15720,3111825,37729590,47765904197,9.64,26.5468,15781588090
15780,3046187,37768267,47947682501,9.64,26.5705,15841828582
15840,3128552,37819520,48132679525,9.64,26.5998,15903098156
15900,3080629,37902565,48316927662,9.64,26.6437,15964134054
15960,3096728,37961005,48501525062,9.64,26.6797,16025244208
16020,3076386,38018068,48686521784,9.64,26.7121,16086438505
16080,3034928,38115334,48869881521,9.64,26.7805,16147109271
16140,2985063,38209854,49053822806,9.64,26.8439,16207991441
16200,3311226,38275605,49237657170,9.64,26.8869,16268774894
16260,3038676,38345531,49422768429,9.64,26.9283,16329992658
16320,3135385,38407892,49606128499,9.64,26.9628,16390731086
16380,3188613,38477832,49789740105,9.64,27.0019,16451550038
16440,3110290,38560989,49974774054,9.64,27.0453,16513018723
16500,2993343,38650317,50158183822,9.64,27.0933,16573873801
16560,3082897,38725491,50343478936,9.64,27.1391,16635456887
16620,3239033,38790493,50527664047,9.64,27.1784,16696573114
16680,3003837,38847726,50710238243,9.64,27.2153,16757174281
16740,3037181,38906719,50891955135,9.64,27.2515,16817292979
16800,3002824,38978059,51075029673,9.64,27.2932,16877883894
16860,2995478,39028874,51258207230,9.64,27.3253,16938597082
16920,3073830,39082286,51441281792,9.64,27.3638,16999281293
16980,3136238,39129047,51626459335,9.64,27.3893,17060691433
17040,3086763,39192810,51809178153,9.64,27.4284,17121295202
17100,2981436,39245114,51993204207,9.64,27.4636,17182165406
17160,2955008,39293660,52175779075,9.64,27.4959,17242601659
17220,3286246,39339114,52360004621,9.64,27.5256,17303725239
17280,2940835,39393600,52544416908,9.64,27.5591,17364861499
17340,2994418,39462866,52728135697,9.64,27.6016,17425712333
17400,3024708,39518436,52911601467,9.64,27.6356,17486486256
17460,3119202,39563704,53095438928,9.64,27.6635,17547325934
17520,2900754,39604620,53277166110,9.64,27.6877,17607576065
17580,3168213,39641560,53460936232,9.64,27.7102,17668490011
17640,2993448,39694174,53643817756,9.64,27.7432,17728974581
17700,3103870,39736102,53828579874,9.64,27.7690,17790090913
17760,3067994,39782086,54011900226,9.64,27.7970,17850800426
17820,3105967,39821008,54196384956,9.64,27.8227,17911923881
17880,3101199,39876946,54378636845,9.64,27.8546,17972242299
17940,3206370,39944385,54563064464,9.64,27.8974,18033363164
18000,3020035,39982738,54747622653,9.64,27.9203,18094382076
18060,3068285,40014462,54912512338,9.64,27.9399,18148968346
18120,2970192,40061705,55095951558,10.20,27.9714,18209634638
18180,3074392,40107810,55279074287,10.20,28.0016,18270242311
18240,3101610,40161717,55463413516,10.20,28.0338,18331321052
18300,3022869,40213051,55646913119,10.20,28.0654,18392086801
18360,2928037,40251710,55830013995,10.20,28.0906,18452800365
18420,2991583,40288078,56012115014,10.20,28.1136,18513096774
18480,3095586,40323043,56196580583,10.20,28.1360,18574251735
18540,3209197,40366108,56381911436,10.20,28.1657,18635663099
18600,3167851,40402263,56565127877,10.20,28.1888,18696300885
18660,2970812,40492618,56747701735,10.20,28.2161,18756609123
18720,3107706,40594840,56929802637,10.20,28.2484,18816813146
18780,2970633,40655689,57112831077,10.20,28.2714,18877339662
18840,3015367,40733199,57297015986,10.20,28.3227,18938159320
18900,3065872,40793727,57481923166,10.20,28.3602,18999409745
18960,3188561,40845034,57666411981,10.20,28.3970,19060649841
19020,3096692,40890879,57851221027,10.20,28.4237,19121962750
19080,2855491,40951252,58034020862,10.20,28.4555,19182587401
19140,3070771,41013657,58217171238,10.20,28.4961,19243339484
19200,3083632,41069581,58398767001,10.20,28.5330,19303453324
19260,3165467,41125638,58583005736,10.20,28.5707,19364519000
19320,3053386,41280406,58767312641,10.20,28.7050,19425384699
19380,3162557,41421279,58952057834,10.20,28.8124,19486523153
19440,3051569,41501748,59133398928,10.20,28.8667,19546679253
19500,3125644,41578303,59317893541,10.20,28.9173,19607779453
19560,3063824,41650783,59500215237,10.20,28.9776,19668064729
19620,3002123,41713855,59682913582,10.20,29.0220,19728511642
19680,3258917,41774910,59867667036,10.20,29.0665,19789832374
19740,2953228,41833266,60049371739,10.20,29.1021,19850104148
19800,3188943,41916944,60233254368,10.20,29.1678,19910884286
19860,2987946,41959797,60415222689,10.20,29.1968,19971045138
19920,3139412,42067718,60598604008,10.20,29.2743,20031646283
19980,3039108,42130499,60781608881,10.20,29.3177,20092309684
20040,3042033,42201571,60967039844,10.20,29.3693,20153710208
20100,3014748,42271842,61149362388,10.20,29.4191,20214068016
20160,3052822,42336186,61334773866,10.20,29.4635,20275409052
20220,3182539,42403939,61517802856,10.20,29.5073,20336029298
20280,2982345,42466159,61699968626,10.20,29.5499,20396218846
20340,3159310,42536683,61885453238,10.20,29.5974,20457511268
20400,3127326,42605447,62069428984,10.20,29.6442,20518205843
20460,3003042,42675231,62252964008,10.20,29.6958,20578894761
20520,3026785,42743931,62436872930,10.20,29.7409,20639759414
20580,3068721,42805381,62620523206,10.20,29.7762,20700534686
20640,3353881,42877468,62805244995,10.20,29.8220,20761648458
20700,2948733,42959830,62990272314,10.20,29.8804,20822916188
20760,3118055,43036190,63174695974,10.20,29.9344,20883958080
20820,3189625,43111162,63359264733,10.20,29.9808,20945022508
20880,3076753,43177882,63542458670,10.20,30.0287,21005595342
20940,2991255,43236986,63725695796,10.20,30.0668,21066124150
21000,3064483,43298902,63909230045,10.20,30.1103,21126815010
21060,3110175,43362053,64094228528,10.20,30.1532,21187993037
21120,3082736,43436250,64280987241,10.20,30.1934,21249811334
21180,3080365,43507139,64465542877,10.20,30.2379,21310831227
21240,3045129,43574411,64646387402,10.20,30.2827,21370662248
21300,3175320,43640037,64829538821,10.20,30.3253,21431332232
21360,3008319,43694083,65014919531,10.20,30.3639,21492670799
21420,3075028,43743262,65197624026,10.20,30.3955,21553228974
21480,3070431,43793289,65380876625,10.20,30.4297,21613973076
21540,2932326,43842166,65563018649,10.20,30.4595,21674378244
21600,3151112,43883671,65747194986,10.20,30.4817,21735407114
21660,3053819,43929109,65906223383,10.20,30.5116,21788025919
21720,3115333,44001783,66090967153,10.20,30.5626,21849194997
21780,3105957,44061319,66273339599,10.20,30.5986,21909634790
21840,3084346,44113138,66455934567,10.20,30.6338,21970013146
21900,3106161,44169483,66641158978,10.20,30.6702,22031222969
21960,3057988,44224292,66824397236,10.20,30.7043,22091928289
22020,3052415,44264922,67006693929,10.20,30.7319,22152326393
22080,3075815,44316449,67188675914,10.20,30.7615,22212616168
22140,3063728,44388593,67369999638,10.20,30.8062,22272661212
22200,2983821,44443798,67553426905,10.20,30.8390,22333314845
22260,3035861,44493589,67736267136,10.20,30.8686,22393898650
22320,3126793,44547591,67919855873,10.20,30.8984,22454786613
22380,2905029,44602510,68104780631,10.20,30.9289,22515952164
22440,3125756,44643454,68287389126,10.20,30.9556,22576375572
22500,3067123,44715508,68470036281,10.20,30.9970,22636697950
22560,2987436,44793386,68652720099,10.20,31.0372,22697122180
22620,2951861,44846741,68837070615,10.20,31.0672,22758251171
22680,3071846,44938865,69019807004,10.20,31.1214,22818702847
22740,3118758,45022574,69204475425,10.20,31.1751,22879876466
22800,3131913,45103602,69388687044,10.20,31.2254,22940988767
22860,3038218,45156847,69571272115,10.20,31.2582,23001575664
22920,2997624,45210896,69754085170,10.20,31.2913,23062044760
22980,3056046,45270966,69937344878,10.20,31.3227,23122720941
23040,3096247,45376691,70120485923,10.20,31.3857,23183330003
23100,3128406,45507907,70305221787,10.20,31.4666,23244551529
23160,3099739,45610856,70489130011,10.20,31.5296,23305428774
23220,3067093,45711325,70672099266,10.20,31.5829,23365841000
23280,3071541,45808066,70853992066,10.20,31.6443,23425971572
23340,2962765,45897634,71037682631,10.20,31.7012,23486716141
23400,3065822,45968599,71221139177,10.20,31.7442,23547521085
23460,3013663,46044545,71405070454,10.20,31.7939,23608628322
23520,2982947,46111310,71588866055,10.20,31.8359,23669541384
23580,2926643,46163737,71771002238,10.20,31.8666,23729911756
23640,3152651,46223046,71956428497,10.20,31.9042,23791436306
23700,3065027,46306761,72138593930,10.20,31.9568,23851932614
23760,3048413,46359576,72323490737,10.20,31.9913,23913289724
23820,2939512,46402910,72507628612,10.20,32.0203,23974417382
23880,3087965,46455489,72691238824,10.20,32.0529,24035283340
23940,3026055,46512800,72872893351,10.20,32.0905,24095529407
24000,2896376,46573644,73054330621,10.20,32.1298,24155628649
24060,3046050,46638736,73238887362,10.20,32.1722,24216776140
24120,3059069,46685841,73422334990,10.20,32.2013,24277457055
24180,3043779,46729282,73604111872,10.20,32.2273,24337586555
24240,2973781,46782990,73786240186,10.20,32.2661,24397828200
24300,3083005,46860494,73969080806,10.20,32.3282,24458257221
24360,3052952,46929230,74153463842,10.20,32.3789,24519291547
24420,3098538,46989786,74337882173,10.20,32.4228,24580430417
24480,3053445,47061275,74522939240,10.20,32.4756,24641786512
24540,2917583,47114337,74707135972,10.20,32.5086,24702867802
24600,3143551,47162369,74892423265,10.20,32.5418,24764198332
24660,3134264,47207711,75076244584,10.20,32.5723,24825141994
24720,3090452,47261317,75261320276,10.20,32.6055,24886577651
24780,3053993,47310404,75445922413,10.20,32.6398,24947762328
24840,3043987,47375807,75628806742,10.20,32.6851,25008323024
24900,2976357,47442234,75812646838,10.20,32.7319,25069222722
24960,3024263,47490229,75996177071,10.20,32.7644,25129915271
25020,2933416,47530494,76179340271,10.20,32.7932,25190393678
25080,3093911,47604645,76364617866,10.20,32.8430,25251725656
25140,3006996,47651347,76547687810,10.20,32.8762,25312414908
25200,3107205,47690875,76731235675,10.20,32.9045,25373293547
25266,558,47726701,76911869184,10.20,32.9300,25433174611
25326,3021621,47765111,77093443097,10.20,32.9525,25493339938
25386,2964364,47802598,77277420435,10.20,32.9774,25554263847
25446,3220638,47841748,77459495155,10.20,33.0000,25614529353
25506,3041648,47870984,77642919149,10.20,33.0180,25675190416
25566,3029526,47907869,77830199123,10.20,33.0426,25737172445
25626,2931211,47946320,78016025741,10.20,33.0670,25798730646
25686,3025431,47977714,78199061474,10.20,33.0869,25859375111
25746,3084263,48007499,78381701430,10.20,33.1050,25919888455
25806,3163457,48052725,78566319849,10.20,33.1338,25981011660
25866,3037863,48089188,78750359450,10.20,33.1567,26041946157
25926,3058055,48116711,78935980882,10.20,33.1750,26103299625
25986,3151192,48155495,79118850947,10.20,33.2024,26163817594
26046,3099884,48205314,79302651770,10.20,33.2382,26224820429
26106,3086921,48254716,79486992154,10.20,33.2586,26285994431
26166,3156455,48296419,79670878988,10.20,33.2834,26346889349
26226,3101646,48327776,79855613104,10.20,33.3047,26408153427
26286,2931022,48374308,80038338769,10.20,33.3352,26468734528
26346,2982690,48422249,80220552164,10.20,33.3677,26529146042
26406,3112902,48479294,80403739934,10.20,33.4083,26589835126
26466,3114090,48522576,80587392435,10.20,33.4363,26650675175
26526,3011037,48563728,80771193237,10.20,33.4664,26711555005
26586,3120505,48607013,80954969184,10.20,33.4949,26772516278
26646,3110792,48647129,81137816638,10.20,33.5205,26832935171
26706,3008755,48686803,81320725481,10.20,33.5466,26893383508
26766,3181578,48724070,81503571636,10.20,33.5706,26953848131
26826,3218493,48767788,81688086459,10.20,33.5958,27014857304
26886,3090330,48833900,81871132457,10.20,33.6379,27075459961
26946,3060307,48881525,82056764584,10.20,33.6685,27136872860
27006,3152942,48926529,82238506394,10.20,33.6950,27196990192
27066,3113020,48961286,82423094448,10.20,33.7151,27258065871
27126,3035199,48991217,82608378250,10.20,33.7326,27319280873
27186,3201452,49055913,82794048200,10.20,33.7727,27380800427
27246,3091833,49119576,82977659151,10.20,33.8151,27441602971
27306,3016729,49197237,83161427782,10.20,33.8683,27502511953
27366,2955081,49265569,83343547224,10.20,33.9146,27562771786
27426,3035561,49329234,83526558128,10.20,33.9593,27623472452
27486,3026826,49381369,83710636874,10.20,33.9946,27684431019
27546,3006425,49414223,83895007873,10.20,34.0155,27745501640
27606,3087746,49447709,84078424652,10.20,34.0370,27806187157
27666,3144202,49489881,84261961966,10.20,34.0626,27866975383
27726,3047344,49543334,84443653715,10.20,34.0873,27927112681
27786,3168464,49582054,84627012521,10.20,34.1099,27987748674
27846,3054664,49610766,84812254706,10.20,34.1281,28049168964
27906,3119104,49645342,84995932485,10.20,34.1501,28109897220
27966,3217298,49685559,85180059914,10.20,34.1765,28170753443
28026,3076439,49719292,85364723084,10.20,34.1975,28231792918
28086,3291343,49750204,85548202001,10.20,34.2169,28292498373
28146,2956290,49787933,85731318533,10.20,34.2402,28353139197
28206,3226015,49823387,85915332773,10.20,34.2612,28414019381
28266,3169421,49860587,86099540458,10.20,34.2853,28475038121
28326,3190308,49908530,86283254716,10.20,34.3183,28535887471
28386,3017687,49941938,86466510053,10.20,34.3387,28596607869
28446,3016442,49978459,86649084761,10.20,34.3618,28657148599
28506,3057934,50016847,86833110749,10.20,34.3853,28718014218
28566,3133383,50049448,87015639046,10.20,34.4077,28778525141
28626,3027552,50083874,87200345395,10.20,34.4295,28839763658
28686,3068933,50108068,87383068395,10.20,34.4444,28900234236
28746,3113494,50141957,87566883350,10.20,34.4616,28961067020
28806,2971329,50181965,87750454749,10.20,34.4875,29021864911
28866,2936467,50225231,87935206299,10.20,34.5151,29083122618
28926,3168807,50259016,88103609749,10.20,34.5316,29138867896
28986,2793869,50300918,88288689348,10.20,34.5539,29200232936
29046,3071969,50359438,88472177180,10.20,34.5947,29261005526
29106,3027939,50407797,88657086206,10.20,34.6235,29322262727
29166,2990537,50461185,88838458011,10.20,34.6501,29382472769
29226,2940019,50500090,89020300100,10.20,34.6760,29442617955
29286,3090905,50536364,89203212071,10.20,34.6991,29503133521
29346,2896134,50580849,89387723096,10.20,34.7245,29564302490
29406,3100542,50617395,89569606067,10.20,34.7473,29624549628
29466,2925674,50646836,89752498488,10.20,34.7636,29685094672
29526,3063251,50680929,89936928766,10.20,34.7814,29746150344
29586,3086174,50722475,90119452969,10.20,34.8069,29806637966
29646,3042109,50760965,90301253250,10.20,34.8276,29866826208
29706,3097384,50795319,90485305974,10.20,34.8461,29927785151
29766,3103334,50829916,90667643310,10.20,34.8630,29988269091
29826,3172941,50857647,90852733278,10.20,34.8786,30049560128
29886,2880174,50894888,91037030715,10.20,34.9009,30110581279
29946,3021286,50935379,91219884159,10.20,34.9218,30171152266
30006,3126744,50967848,91405898980,10.20,34.9409,30232817397
30066,3189863,51015157,91589748740,10.20,34.9677,30293770992
30126,3195070,51049578,91774374731,10.20,34.9895,30355042415
30186,3046480,51092435,91959727071,10.20,35.0134,30416414849
30246,3025077,51143952,92144414519,10.20,35.0418,30477781446
30306,3032699,51182785,92328520411,10.20,35.0643,30538763363
30366,3045988,51214038,92512166279,10.20,35.0827,30599616848
30426,2968149,51259836,92696876639,10.20,35.1061,30660803099
30486,3005172,51301921,92879027010,10.20,35.1317,30721247698
30546,3164395,51347254,93062517488,10.20,35.1573,30782144380
30606,2957790,51400186,93244423235,10.20,35.1921,30842623760
30666,3085168,51448989,93429911314,10.20,35.2238,30904220659
30726,3033711,51484030,93613228294,10.20,35.2442,30964847766
30786,2987067,51521271,93798702134,10.20,35.2674,31026274571
30846,3097489,51559652,93982585120,10.20,35.2919,31087159369
30906,3115183,51604481,94168009137,10.20,35.3222,31148717249
30966,2987091,51648127,94353227617,10.20,35.3490,31210126750
31026,3075302,51679868,94538269070,10.20,35.3678,31271557916
31086,3079849,51710529,94721738385,10.20,35.3857,31332331488
31146,3168693,51748265,94906552980,10.20,35.4084,31393632013
31206,3122261,51780127,95090972778,10.20,35.4276,31454709323
31266,3139323,51820217,95277008872,10.20,35.4515,31516312612
31326,2986628,51847983,95460581388,10.20,35.4701,31577069778
31386,3015040,51877762,95644940739,10.20,35.4897,31638178294
31446,3307822,51950189,95827187459,10.20,35.5273,31698526275
31506,3038702,51993239,96009544131,10.20,35.5524,31758841611
31566,3048128,52028470,96193363820,10.20,35.5726,31819595882
31626,3063814,52067046,96376544231,10.20,35.5941,31880141597
31686,3113917,52107009,96561400150,10.20,35.6199,31941340668
31746,3150458,52143632,96746262401,10.20,35.6399,32002575989
31806,3060443,52165635,96930744093,10.20,35.6529,32063699719
31866,3171735,52203312,97115910073,10.20,35.6762,32125124818
31926,3111136,52235722,97300630790,10.20,35.6957,32186347216
31986,3167423,52281281,97485258043,10.20,35.7218,32247469729
32046,2992380,52331683,97669547937,10.20,35.7507,32308569330
32106,3054772,52362667,97853110836,10.20,35.7708,32369417889
32166,3183743,52406172,98037059360,10.20,35.7948,32430267245
32226,2959432,52447950,98218498789,10.20,35.8200,32490344650
32286,3030865,52476273,98404156343,10.20,35.8370,32551850448
32346,3215765,52509406,98589057052,10.20,35.8561,32613083320
32406,2954668,52550816,98771465926,10.20,35.8767,32673451883
32466,3012432,52581630,98955484680,10.20,35.8941,32734324510
32526,3091901,52610032,99135171900,10.20,35.9118,32793750192
32586,2913797,52647460,99318473704,10.20,35.9346,32854388539
32646,2962176,52684859,99502981098,10.20,35.9591,32915425270
32706,3019428,52719300,99685597417,10.20,35.9798,32975847527
32766,2907350,52756036,99869905344,10.20,36.0021,33036967804
32826,2913586,52799621,100053147317,10.20,36.0305,33097584297
32886,3113585,52848236,100236857607,10.20,36.0600,33158408565
32946,3096961,52889385,100421056284,10.20,36.0878,33219376080
